{"cameraMode":{"drawMode":0,"name":"Shaded","section":"Shading Mode"},"sceneLighting":true,"audioPlay":false,"sceneViewState":{"showFog":true,"showMaterialUpdate":false,"showSkybox":true,"showFlares":true,"showImageEffects":true,"showParticleSystems":true},"in2DMode":false,"pivot":{"x":464.45599365234377,"y":243.81407165527345,"z":-89.10704040527344},"rotation":{"x":-0.027598775923252107,"y":0.0024067785125225784,"z":-0.0000664351973682642,"w":-0.9996162056922913},"size":394.1895446777344,"orthographic":true}