{"cameraMode":{"drawMode":0,"name":"Shaded","section":"Shading Mode"},"sceneLighting":false,"audioPlay":false,"sceneViewState":{"showFog":true,"showMaterialUpdate":false,"showSkybox":true,"showFlares":true,"showImageEffects":true,"showParticleSystems":true},"in2DMode":false,"pivot":{"x":-199.51295471191407,"y":15.6132230758667,"z":-4.7610368728637699},"rotation":{"x":-0.1805655062198639,"y":0.6231627464294434,"z":-0.15085893869400025,"w":-0.7458592057228088},"size":10.777763366699219,"orthographic":false}