{"cameraMode":{"drawMode":0,"name":"Shaded","section":"Shading Mode"},"sceneLighting":false,"audioPlay":false,"sceneViewState":{"showFog":true,"showMaterialUpdate":false,"showSkybox":true,"showFlares":true,"showImageEffects":true,"showParticleSystems":true},"in2DMode":false,"pivot":{"x":-8.265999794006348,"y":15.209324836730957,"z":-0.17453885078430177},"rotation":{"x":-0.4594709277153015,"y":0.39930209517478945,"z":-0.24291126430034638,"w":-0.7552737593650818},"size":4.8491106033325199,"orthographic":false}