{"cameraMode":{"drawMode":0,"name":"Shaded","section":"Shading Mode"},"sceneLighting":false,"audioPlay":false,"sceneViewState":{"showFog":true,"showMaterialUpdate":false,"showSkybox":false,"showFlares":true,"showImageEffects":true,"showParticleSystems":true},"in2DMode":false,"pivot":{"x":210.4202117919922,"y":-71.49565124511719,"z":-74.25084686279297},"rotation":{"x":0.07173459976911545,"y":0.7732202410697937,"z":-0.08892332762479782,"w":0.6237606406211853},"size":363.0938415527344,"orthographic":false}