{"cameraMode":{"drawMode":0,"name":"Shaded","section":"Shading Mode"},"sceneLighting":false,"audioPlay":false,"sceneViewState":{"showFog":true,"showMaterialUpdate":false,"showSkybox":true,"showFlares":true,"showImageEffects":true,"showParticleSystems":true},"in2DMode":false,"pivot":{"x":-72.47044372558594,"y":45.61492156982422,"z":-3.1942806243896486},"rotation":{"x":0.06121961399912834,"y":-0.7555418014526367,"z":0.07133758813142777,"w":0.648320734500885},"size":106.8221435546875,"orthographic":false}