{"cameraMode":{"drawMode":0,"name":"Shaded","section":"Shading Mode"},"sceneLighting":false,"audioPlay":false,"sceneViewState":{"showFog":true,"showMaterialUpdate":false,"showSkybox":true,"showFlares":true,"showImageEffects":true,"showParticleSystems":true},"in2DMode":false,"pivot":{"x":710.3236083984375,"y":0.49884262681007388,"z":-7.200771331787109},"rotation":{"x":0.0016720353160053492,"y":0.9779922366142273,"z":-0.007860131561756134,"w":0.2084864228963852},"size":5.471065521240234,"orthographic":false}